State,Keyword,Url
Maryland,data scientist,"https://www.glassdoor.com/Job/maryland-us-data-scientist-jobs-SRCH_IL.0,11_IS3201_KO12,26.htm"
Maryland,data scientist,"https://www.glassdoor.com/Job/maryland-data-scientist-jobs-SRCH_IL.0,8_IS3201_KO9,23_IP2.htm?includeNoSalaryJobs=true&pgc=AB4AAYEAHgAAAAAAAAAAAAAAAg%2BEfJkAKwEBAQ8kU2M%2Bm84vYMiMSz9hE3Cpw8bVorSCzo4vI3Y4YVu9p7kfn70pZX0AAA%3D%3D"
Maryland,data scientist,"https://www.glassdoor.com/Job/maryland-data-scientist-jobs-SRCH_IL.0,8_IS3201_KO9,23_IP3.htm?includeNoSalaryJobs=true&pgc=AB4AAoEAPAAAAAAAAAAAAAAAAg%2BEfJkASQECAQ8qBwgr7%2FO6uWpLsI4R3Ov15xSS1umaopWtqXO6XJJ0R6zuN8IzBvcI4%2BB%2BGBphoU9zD8IZaG%2BbdwvrW6cltDAxH4ZLZvYAAA%3D%3D"
Maryland,data scientist,"https://www.glassdoor.com/Job/maryland-data-scientist-jobs-SRCH_IL.0,8_IS3201_KO9,23_IP4.htm?includeNoSalaryJobs=true&pgc=AB4AA4EAWgAAAAAAAAAAAAAAAg%2BEfJkAVgEBAQ8NbON%2FdOgscurjsGc1z5YzXJgmiBL5sxPnwe0CP9sYb5JgKHNuSlxvYwIf91cAZT5Y1ZJOWJSbU4N4bRRkuaVBHy1uygJUaVkijmFVUMtmIAPLAAA%3D"
Maryland,data scientist,"https://www.glassdoor.com/Job/maryland-data-scientist-jobs-SRCH_IL.0,8_IS3201_KO9,23_IP5.htm?includeNoSalaryJobs=true&pgc=AB4ABIEAeAAAAAAAAAAAAAAAAg%2BEfJkAWQEBARoGjR9kXdfpcEC9mKolwcVEHXvEW9l2CyfQGYaLX%2B2if4Hly0Lt1GLjNpvlR6RsT81rW2i8FLnpLXdyrSHK%2BlIJ9rb3oKCGuVxgwXeiqAz6sG7Ofz9KAAA%3D"
Maryland,data scientist,"https://www.glassdoor.com/Job/maryland-data-scientist-jobs-SRCH_IL.0,8_IS3201_KO9,23_IP6.htm?includeNoSalaryJobs=true&pgc=AB4ABYEAlgAAAAAAAAAAAAAAAg%2BEfJkAWgECARpiBwCy0Y30KT5JX6kxk2anjnaXfkgpbod4mapvvv2cPaM63BnEeXQSsaDlXkmczoCKMuYKxkc9GbPcKPYigHJDjE4H2aLuO40Vl09tTH3S7QRWl0rfrQAA"
Maryland,data scientist,"https://www.glassdoor.com/Job/maryland-data-scientist-jobs-SRCH_IL.0,8_IS3201_KO9,23_IP7.htm?includeNoSalaryJobs=true"
Maryland,data scientist,"https://www.glassdoor.com/Job/maryland-data-scientist-jobs-SRCH_IL.0,8_IS3201_KO9,23_IP8.htm?includeNoSalaryJobs=true"
Maryland,data scientist,"https://www.glassdoor.com/Job/maryland-data-scientist-jobs-SRCH_IL.0,8_IS3201_KO9,23_IP9.htm?includeNoSalaryJobs=true"
